,Text,Dep,Head,Child
10984,Сэм,nsubj,знает,"[сынишка, -, то]"
11327,Сэм,nsubj,говорит,[Наш]
22611,Сэм,nsubj,сидел,[Гэмги]
22687,Сэм,nsubj,оскорбился,[]
22772,Сэм,nsubj,подтвердил,[]
23000,Сэм,nsubj,сдавался,[]
23074,Сэм,nsubj,помахал,[]
23172,Сэм,nsubj,закончил,[]
23244,Сэм,nsubj,протянул,[]
23433,Сэм,nsubj,замолчал,[]
23526,Сэм,nsubj,отправился,[]
23679,Сэм,nsubj,брел,[]
24341,Сэм,nsubj,подстригал,"[–, это, Гэмги]"
26094,Сэм,nsubj,подобрался,"[–, Гэмги]"
34180,Сэм,nsubj,пропел,[]
34312,Сэм,nsubj,заблажил,[]
34410,Сэм,nsubj,пискнул,[]
34785,Сэм,nsubj,завопил,[]
37134,Сэм,nsubj,отправляется,[]
37231,Сэм,nsubj,исчез,[]
37452,Сэм,nsubj,компанию,"[мой, ним]"
37776,Сэм,nsubj,припустил,[]
37903,Сэм,nsubj,подоспел,[и]
37942,Сэм,nsubj,мог,[]
38624,Сэм,nsubj,определил,[]
38658,Сэм,nsubj,знал,[]
39114,Сэм,nsubj,успели,[Пиппин]
39430,Сэм,nsubj,стоял,[]
39912,Сэм,nsubj,остановился,[]
39957,Сэм,nsubj,сказал,[]
40603,Сэм,nsubj,вмешался,[]
41008,Сэм,nsubj,растерялся,[]
41717,Сэм,nsubj,скорчились,[Пиппин]
42068,Сэм,nsubj,волновался,[]
42803,Сэм,nsubj,лишился,[]
43176,Сэм,nsubj,лишился,[]
43390,Сэм,nsubj,держался,[]
44008,Сэм,nsubj,смог,[]
44208,Сэм,nsubj,отказался,[]
44220,Сэм,nsubj,свернулся,[]
45535,Сэм,nsubj,сидел,[]
45589,Сэм,nsubj,позволит,[]
45996,Сэм,nsubj,него,"[смотрит.–Так, ,]"
46084,Сэм,nsubj,согласился,[]
46227,Сэм,nsubj,проговорил,[]
46303,Сэм,nsubj,сказал,"[Прежний, Гэмги]"
46314,Сэм,nsubj,тот,[]
46902,Сэм,nsubj,вздохнул,[]
47147,Сэм,nsubj,оглянулся,[Гэмги]
47730,Сэм,nsubj,пристроились,[Пиппин]
48828,Сэм,nsubj,оказался,[вмиг]
49305,Сэм,nsubj,отхлебнул,[]
51027,Сэм,nsubj,таращился,[]
51136,Сэм,nsubj,забеспокоился,[]
52444,Сэм,nsubj,рекой,[только]
52547,Сэм,nsubj,обернулся,[]
54110,Сэм,nsubj,кивал,[]
55018,Сэм,nsubj,помощник,[]
55752,Сэм,nsubj,встал,[]
55891,Сэм,nsubj,потупился,[]
55981,Сэм,nsubj,посмотрел,[]
57841,Сэм,nsubj,стряпает,[]
61618,Сэм,nsubj,зевал,[Стоявший]
61933,Сэм,nsubj,сел,[]
62086,Сэм,nsubj,бросился,[]
62123,Сэм,nsubj,схватил,[]
62203,Сэм,nsubj,поверил,[]
62432,Сэм,nsubj,спросил,[]
62481,Сэм,nsubj,воскликнул,[]
62537,Сэм,nsubj,бросил,[]
62774,Сэм,nsubj,пнул,[]
63064,Сэм,nsubj,стояли,[]
66865,Сэм,nsubj,слышал,[мог]
73917,Сэм,nsubj,лежал,[]
74969,Сэм,nsubj,удивился,[]
75661,Сэм,nsubj,извлекли,"[,, Пиппин]"
77635,Сэм,nsubj,высказал,[]
79680,Сэм,nsubj,поглядел,[]
80853,Сэм,nsubj,отбросил,[]
81909,Сэм,nsubj,освоились,[Пиппином]
85620,Сэм,nsubj,вскочил,[и]
86511,Сэм,nsubj,хмурился,[]
86715,Сэм,nsubj,прав,[]
87167,Сэм,nsubj,бросил,[]
89695,Сэм,nsubj,уставился,[]
89951,Сэм,nsubj,полуаршине,[правда]
89963,Сэм,nsubj,промолчал.–С,[]
90048,Сэм,nsubj,переспросил,[]
94458,Сэм,nsubj,жевал,[]
94725,Сэм,nsubj,рожу,"[быстро, обернулся.–Спрячь, -, ка]"
94782,Сэм,nsubj,посетовал,[]
95569,Сэм,nsubj,интересовался,[]
95707,Сэм,nsubj,прозвал,[]
96136,Сэм,nsubj,запрокинул,[]
96167,Сэм,nsubj,запрокинул,[]
97099,Сэм,nsubj,пробормотал,[]
97222,Сэм,nsubj,сказал,[]
98577,Сэм,nsubj,сидели,[Перегрин]
98651,Сэм,nsubj,обнаружил,[]
98736,Сэм,nsubj,потоптались,"[,, Пиппином]"
99486,Сэм,nsubj,пробормотал,[]
100147,Сэм,nsubj,попросил,[]
101329,Сэм,nsubj,прибежал,[]
101656,Сэм,nsubj,прижался,[]
101792,Сэм,nsubj,смотрит,[]
102243,Сэм,nsubj,оглянулся,[]
102366,Сэм,nsubj,заподозрил,[]
102391,Сэм,nsubj,выхватил,[]
102422,Сэм,nsubj,заподозрил,[]
102447,Сэм,nsubj,выхватил,[]
104325,Сэм,nsubj,отправились,[Бродяга]
105834,Сэм,nsubj,спросил,[]
106841,Сэм,nsubj,струхнул,[]
107303,Сэм,nsubj,вспомнит,[]
107341,Сэм,nsubj,запротестовал,[]
107765,Сэм,nsubj,промямлил,[]
107827,Сэм,nsubj,запротестовал,[]
109035,Сэм,nsubj,заявил,[]
111823,Сэм,nsubj,пускал,[]
111852,Сэм,nsubj,неотлучно,[]
112423,Сэм,nsubj,тот,[]
113080,Сэм,nsubj,отходил,[–]
115322,Сэм,nsubj,возник,[]
115364,Сэм,nsubj,просиял,[]
115454,Сэм,nsubj,заверил,[]
115568,Сэм,nsubj,заверил,[]
116716,Сэм,nsubj,умолял,[]
116751,Сэм,nsubj,сидел,[]
118590,Сэм,nsubj,подоспел,[и]
119337,Сэм,nsubj,добавлял,[]
121788,Сэм,nsubj,собирают,"[,]"
121934,Сэм,nsubj,вышагивал,[]
122242,Сэм,nsubj,собирают,"[,]"
122388,Сэм,nsubj,вышагивал,[]
122567,Сэм,nsubj,трусил,[получивший]
141277,Сэм,nsubj,крикнул,[]
141914,Сэм,nsubj,буркнул,[]
142419,Сэм,nsubj,вздохнул,[]
143100,Сэм,nsubj,могу,[тоже.–Я]
145501,Сэм,nsubj,настоял,[]
145536,Сэм,nsubj,доказывал,[]
145702,Сэм,nsubj,стоял,[]
145775,Сэм,nsubj,поправил,[]
145866,Сэм,nsubj,перебрал,[]
148085,Сэм,nsubj,почувствовал,[и]
148111,Сэм,nsubj,слышал,[]
148174,Сэм,nsubj,шепнул,[]
148190,Сэм,nsubj,понял,[]
148604,Сэм,nsubj,проворчал,[]
149642,Сэм,nsubj,потрепал,[]
149824,Сэм,nsubj,ворчал,[запыхавшийся]
150637,Сэм,nsubj,пробурчал,[]
153222,Сэм,nsubj,впал,[]
154346,Сэм,nsubj,глядел,[]
154640,Сэм,nsubj,ответил,[]
155285,Сэм,nsubj,торжествовал,[]
156843,Сэм,nsubj,вывел,[шедший]
157368,Сэм,nsubj,запротестовал,[]
157447,Сэм,nsubj,возразил,[]
157568,Сэм,nsubj,разрыдался,[]
158959,Сэм,nsubj,бросился,[]
159548,Сэм,nsubj,бросился,[]
159637,Сэм,nsubj,рубил,[]
159654,Сэм,nsubj,потащил,[]
159741,Сэм,nsubj,взбежали,[Фродо]
159854,Сэм,nsubj,рухнул,[цеплявшийся]
160552,Сэм,nsubj,следовал,[]
161151,Сэм,nsubj,пробормотал,[]
161695,Сэм,nsubj,вздохнул,[]
163086,Сэм,nsubj,шепнул,[]
163533,Сэм,nsubj,сказал,[притихший]
163585,Сэм,nsubj,сказал,[притихший]
167831,Сэм,nsubj,бросился,[воплем]
171022,Сэм,nsubj,всхлипывает,[спотыкающийся]
171955,Сэм,nsubj,увязался,[]
172516,Сэм,nsubj,начал,[]
173469,Сэм,nsubj,пришли,[Фродо]
175761,Сэм,nsubj,зашипел,[]
175803,Сэм,nsubj,поспешил,[]
175970,Сэм,nsubj,вскарабкался,[]
176890,Сэм,nsubj,отозвался,[]
176932,Сэм,nsubj,провалился,[]
176954,Сэм,nsubj,похрапывал,[]
178126,Сэм,nsubj,вцепился,[]
180658,Сэм,nsubj,стоит,[]
183895,Сэм,nsubj,опустил,[пунцовый]
184148,Сэм,nsubj,запротестовал,[]
185451,Сэм,nsubj,обрадовался,[]
185742,Сэм,nsubj,вздохнул,[]
186289,Сэм,nsubj,откликнулся,[]
186409,Сэм,nsubj,начал,[]
186445,Сэм,nsubj,успел,[]
186474,Сэм,nsubj,понял,[]
186547,Сэм,nsubj,понял,[]
186570,Сэм,nsubj,вскричал,[]
186673,Сэм,nsubj,пробормотал,[]
186946,Сэм,nsubj,опустился,[]
188857,Сэм,nsubj,ответил,[]
189598,Сэм,nsubj,Сомневался,[один]
189699,Сэм,nsubj,Сомневался,[один]
190307,Сэм,nsubj,клевал,[]
191326,Сэм,nsubj,спросил,[]
191386,Сэм,nsubj,отозвался,[]
191669,Сэм,nsubj,сидел,[]
195469,Сэм,nsubj,его,[тряс]
195949,Сэм,nsubj,воскликнул,[]
196459,Сэм,nsubj,огляделся,[]
196849,Сэм,nsubj,сидел,[]
196937,Сэм,nsubj,лег,[]
196958,Сэм,nsubj,зашептал,[]
196999,Сэм,nsubj,успокоится,[]
197089,Сэм,nsubj,обиделся,[]
197421,Сэм,nsubj,отозвался,[]
197542,Сэм,nsubj,сказал,[]
197665,Сэм,nsubj,трясет,[]
198215,Сэм,nsubj,поглядел,[]
198643,Сэм,nsubj,закричал,[]
199053,Сэм,nsubj,Помогал,[даже]
200462,Сэм,nsubj,признался,[]
203868,Сэм,nsubj,покачал,"[спускал, ,]"
203906,Сэм,nsubj,заметил,[]
207102,Сэм,nsubj,поймет,[]
207861,Сэм,nsubj,подал,[]
207933,Сэм,nsubj,забеспокоился,[]
208484,Сэм,nsubj,вскричал,[]
208616,Сэм,nsubj,завопил,[]
208652,Сэм,nsubj,сорвался,[]
208873,Сэм,nsubj,старался,[]
209171,Сэм,nsubj,бросился,[воплем]
209190,Сэм,nsubj,закричал,[]
209303,Сэм,nsubj,захлебывался,[]
209357,Сэм,nsubj,выкарабкался,"[,, и, мокрый, крыса]"
209444,Сэм,nsubj,вскипел,[]
209581,Сэм,nsubj,согласился,[]
209651,Сэм,nsubj,просиял,[]
209787,Сэм,nsubj,возразил,[]
209826,Сэм,nsubj,помогал,[]
213431,Сэм,nsubj,нес,[]
213539,Сэм,nsubj,прав,[]
213658,Сэм,nsubj,отправился,[]
241016,Сэм,nsubj,пересказал,[]
247719,Сэм,nsubj,там,"[они, –, Фродо, Бродяга?Наконец]"
254735,Сэм,nsubj,увязался,[]
305807,Сэм,nsubj,повторял,[]
311840,Сэм,nsubj,сказал,[Гэмги]
311919,Сэм,nsubj,продвигались,[Фродо]
312073,Сэм,nsubj,сказал,[Гэмги]
312152,Сэм,nsubj,продвигались,[Фродо]
312349,Сэм,nsubj,вздохнул,[]
312561,Сэм,nsubj,пробурчал,[]
312924,Сэм,nsubj,осведомился,[]
312961,Сэм,nsubj,сказал,[]
313066,Сэм,nsubj,вздохнул,[]
313519,Сэм,nsubj,отозвался,[]
313606,Сэм,nsubj,добрались,[Фродо]
313721,Сэм,nsubj,заверил,[]
313895,Сэм,nsubj,отозвался,[]
313932,Сэм,nsubj,возразил,[]
313983,Сэм,nsubj,сел,[]
314129,Сэм,nsubj,сдавался,[]
314161,Сэм,nsubj,возразил,[]
314381,Сэм,nsubj,упал,[]
314412,Сэм,nsubj,пересилил,[]
314436,Сэм,nsubj,заметил,[]
314655,Сэм,nsubj,заорал,[]
314740,Сэм,nsubj,крикнул,[]
314790,Сэм,nsubj,ахнул,[]
314930,Сэм,nsubj,бросил,[]
314999,Сэм,nsubj,отступил,[]
315120,Сэм,nsubj,раскаивался,[]
315279,Сэм,nsubj,подхватил,[]
315344,Сэм,nsubj,заметил,[]
315662,Сэм,nsubj,подтвердил,[]
315814,Сэм,nsubj,ответил,[]
315871,Сэм,nsubj,предпочитал,[]
315896,Сэм,nsubj,потерял,[]
315922,Сэм,nsubj,боялся,[]
316002,Сэм,nsubj,предпочитал,[]
316027,Сэм,nsubj,потерял,[]
316053,Сэм,nsubj,боялся,[]
316374,Сэм,nsubj,поскреб,[]
316434,Сэм,nsubj,покачал,[]
316468,Сэм,nsubj,плюхнулся,[]
316522,Сэм,nsubj,расположен,[]
316631,Сэм,nsubj,разобиделся,[]
316662,Сэм,nsubj,помотал,[]
316702,Сэм,nsubj,смотал,[]
316752,Сэм,nsubj,согласился,[]
316827,Сэм,nsubj,оглянулся,[]
316851,Сэм,nsubj,порадовался,[]
316969,Сэм,nsubj,предложил,[]
317046,Сэм,nsubj,встретил,[]
317559,Сэм,nsubj,заявил,[]
317872,Сэм,nsubj,шепнул,[]
317929,Сэм,nsubj,сдержался,[]
318032,Сэм,nsubj,подлетел,[]
318070,Сэм,nsubj,рассчитывал,[]
318119,Сэм,nsubj,смог,[]
318239,Сэм,nsubj,поднялся,[]
318349,Сэм,nsubj,спросил,[]
318454,Сэм,nsubj,изумился,[]
318520,Сэм,nsubj,стоял,[]
318713,Сэм,nsubj,уставился,[]
318903,Сэм,nsubj,нахмурился,[]
318936,Сэм,nsubj,ждал,[]
319782,Сэм,nsubj,навалился,[]
319816,Сэм,nsubj,добыл,[Расторопный]
319965,Сэм,nsubj,возился,[]
320045,Сэм,nsubj,оказался,[]
320117,Сэм,nsubj,оказался,[]
320705,Сэм,nsubj,подчинился,[]
320851,Сэм,nsubj,старался,[]
321007,Сэм,nsubj,крикнул,[]
321303,Сэм,nsubj,последовали,[Фродо]
321457,Сэм,nsubj,пришел,[увиденного]
321590,Сэм,nsubj,подозревал,[]
321634,Сэм,nsubj,решил,[]
322419,Сэм,nsubj,зашептал,[]
322649,Сэм,nsubj,испугался,[]
322692,Сэм,nsubj,нагнулся,[]
322776,Сэм,nsubj,испугался,[]
322819,Сэм,nsubj,нагнулся,[]
322843,Сэм,nsubj,поскреб,[]
322915,Сэм,nsubj,вскочил,[]
322970,Сэм,nsubj,разразился,[]
323034,Сэм,nsubj,спросил,[]
323054,Сэм,nsubj,посмотрел,[]
323074,Сэм,nsubj,всполошился,[]
323099,Сэм,nsubj,прикрикнул,[]
323307,Сэм,nsubj,почесал,[]
323569,Сэм,nsubj,кивнул,[]
323640,Сэм,nsubj,заметили,[Фродо]
323702,Сэм,nsubj,решил,[]
324810,Сэм,nsubj,покосился,[]
324983,Сэм,nsubj,появились,[протер]
325082,Сэм,nsubj,выдержал.–Что,[]
325196,Сэм,nsubj,вернулся,[]
325256,Сэм,nsubj,дотронулся,[]
325303,Сэм,nsubj,повернулся,[]
325430,Сэм,nsubj,повернулся,[]
325584,Сэм,nsubj,обернулся,[]
325853,Сэм,nsubj,поверил,[]
325956,Сэм,nsubj,посмотрел,[]
326079,Сэм,nsubj,подумал,[]
326344,Сэм,nsubj,заворчал,[]
326399,Сэм,nsubj,пахнет,[]
326853,Сэм,nsubj,встали,[Фродо]
327484,Сэм,nsubj,оказывался,[]
327937,Сэм,nsubj,сказал,[]
328066,Сэм,nsubj,сказал,[]
328255,Сэм,nsubj,побрели,[Фродо]
328385,Сэм,nsubj,могли,"[впрочем, ни, Фродо]"
328410,Сэм,nsubj,задремал,[]
328491,Сэм,nsubj,очнулся,[]
329173,Сэм,nsubj,мог,[]
329263,Сэм,nsubj,лежал,[]
329365,Сэм,nsubj,раздумывал,[]
329528,Сэм,nsubj,подумал,[]
329572,Сэм,nsubj,выругался,[]
329805,Сэм,nsubj,оборвал,[]
330669,Сэм,nsubj,подытожил,[]
330856,Сэм,nsubj,подытожил,[]
331105,Сэм,nsubj,осердился,[]
331383,Сэм,nsubj,промолчал,[]
331444,Сэм,nsubj,держался,[]
331479,Сэм,nsubj,отправится,[]
331794,Сэм,nsubj,помнил,[]
331843,Сэм,nsubj,догадывался,[]
331950,Сэм,nsubj,думал,[]
332866,Сэм,nsubj,считал,[]
333793,Сэм,nsubj,вмешался,[]
333940,Сэм,nsubj,спросил,[]
334059,Сэм,nsubj,подкапывался,[]
334200,Сэм,nsubj,перебил,[]
334486,Сэм,nsubj,решил,[]
335500,Сэм,nsubj,откинулся,[]
335571,Сэм,nsubj,видел,[]
335731,Сэм,nsubj,перевел,[]
336055,Сэм,nsubj,выхватили,[Фродо]
336288,Сэм,nsubj,спросил,[]
336320,Сэм,nsubj,встал,[]
336353,Сэм,nsubj,спросил,[]
336385,Сэм,nsubj,встал,[]
336548,Сэм,nsubj,сказал,[]
336803,Сэм,nsubj,пустился,[]
337683,Сэм,nsubj,начинал,[]
338380,Сэм,nsubj,примечал,[]
338503,Сэм,nsubj,рассмеялся,[]
338709,Сэм,nsubj,увлекся,[углубившийся]
338798,Сэм,nsubj,поспешил,[]
338830,Сэм,nsubj,увлекся,[углубившийся]
338919,Сэм,nsubj,поспешил,[]
338956,Сэм,nsubj,объявил,[]
339131,Сэм,nsubj,обдумывал,[]
339152,Сэм,nsubj,расположен,[]
339251,Сэм,nsubj,думал,[]
339275,Сэм,nsubj,успел,[]
339345,Сэм,nsubj,окликнул,[]
339439,Сэм,nsubj,согласился,[]
339445,Сэм,nsubj,просит,[]
339459,Сэм,nsubj,исчез,[]
339479,Сэм,nsubj,посмотрел,[]
339498,Сэм,nsubj,видел,[]
339530,Сэм,nsubj,заметил,[]
339596,Сэм,nsubj,мыслил,[Гэмги]
339673,Сэм,nsubj,повернулся,[]
339726,Сэм,nsubj,хочет,[]
339805,Сэм,nsubj,слыл,[]
339840,Сэм,nsubj,расставался,[]
339888,Сэм,nsubj,считал,[]
339911,Сэм,nsubj,помозговал,[]
339994,Сэм,nsubj,сказал,[]
340032,Сэм,nsubj,подошел,[]
340074,Сэм,nsubj,подумал,[]
340168,Сэм,nsubj,хлопотал,[]
340185,Сэм,nsubj,набрал,[]
340261,Сэм,nsubj,хлопотал,[]
340391,Сэм,nsubj,отмахнулся,[]
340511,Сэм,nsubj,остановил,[]
340632,Сэм,nsubj,занялся,[]
340797,Сэм,nsubj,рассердился,[]
340800,Сэм,nsubj,устроит,[]
340940,Сэм,nsubj,поправил,[]
341079,Сэм,nsubj,махнул,[]
341098,Сэм,nsubj,запасся,[]
341162,Сэм,nsubj,заснул,[]
341195,Сэм,nsubj,снял,[]
341377,Сэм,nsubj,объяснил,[]
341458,Сэм,nsubj,позвал,[]
341494,Сэм,nsubj,догадался,[]
341520,Сэм,nsubj,догадался,[]
341552,Сэм,nsubj,попросил,[]
341633,Сэм,nsubj,спустился,[]
341686,Сэм,nsubj,заметил,[]
341718,Сэм,nsubj,осознал,[]
341797,Сэм,nsubj,бросился,[]
342303,Сэм,nsubj,перебил,[]
343761,Сэм,nsubj,выглянул,[устроившийся]
343876,Сэм,nsubj,думал,[]
343917,Сэм,nsubj,улегся,[]
344024,Сэм,nsubj,оглох,[]
344052,Сэм,nsubj,пробормотал,[]
344721,Сэм,nsubj,узнал,[]
344881,Сэм,nsubj,буркнул,[]
345001,Сэм,nsubj,вылез,[]
345752,Сэм,nsubj,одобрил,[]
346053,Сэм,nsubj,терял,[]
346205,Сэм,nsubj,стоял,[]
350676,Сэм,nsubj,участвовал,[]
350782,Сэм,nsubj,обернулся,[]
350814,Сэм,nsubj,открыл,[]
350870,Сэм,nsubj,участвовал,[]
350976,Сэм,nsubj,обернулся,[]
351008,Сэм,nsubj,открыл,[]
352330,Сэм,nsubj,навострил,[]
352566,Сэм,nsubj,боролся,[]
352783,Сэм,nsubj,вытаращился,[привыкший]
352891,Сэм,nsubj,откликнулся,[]
352943,Сэм,nsubj,могли,[Фродо]
353351,Сэм,nsubj,сидел,[]
354889,Сэм,nsubj,воскликнул,[]
355086,Сэм,nsubj,возразил,[]
355176,Сэм,nsubj,запнулся,[]
355367,Сэм,nsubj,охнул,[]
356585,Сэм,nsubj,поспешил,[]
356621,Сэм,nsubj,подумал,[]
356721,Сэм,nsubj,сказал,[]
356926,Сэм,nsubj,проснулся,[Чуткий]
357039,Сэм,nsubj,оказался,[]
357504,Сэм,nsubj,попятился,[]
360026,Сэм,nsubj,встретил,[]
360094,Сэм,nsubj,вздохнул,[]
361295,Сэм,nsubj,вздохнул,[]
361311,Сэм,nsubj,одобрял,"[хоббит, ,]"
363711,Сэм,nsubj,подумал,[]
363994,Сэм,nsubj,мог,[прикорнувший]
364899,Сэм,nsubj,рассердился,[]
365132,Сэм,nsubj,проворчал,[]
365727,Сэм,nsubj,пожал,[]
365804,Сэм,nsubj,подкрепились,[Фродо]
365857,Сэм,nsubj,зевнул,[]
366041,Сэм,nsubj,сел,[]
366123,Сэм,nsubj,подивился,[]
366207,Сэм,nsubj,огляделся.–А,[]
366243,Сэм,nsubj,бросил,[]
366335,Сэм,nsubj,отозвался,[]
366397,Сэм,nsubj,согласился,[]
366431,Сэм,nsubj,предпочитал,[]
368270,Сэм,nsubj,кинулись,[Голлум]
368277,Сэм,nsubj,обхватил,[]
368333,Сэм,nsubj,кинулись,[Голлум]
368340,Сэм,nsubj,обхватил,[]
368394,Сэм,nsubj,задышал,[хозяину]
368514,Сэм,nsubj,поспешил,[поддерживая]
368544,Сэм,nsubj,увидел,[]
369024,Сэм,nsubj,упрашивал,[]
370123,Сэм,nsubj,хотел,[трясший]
370804,Сэм,nsubj,застонал,[]
370858,Сэм,nsubj,отставал,[]
371022,Сэм,nsubj,поняли,[Фродо]
371155,Сэм,nsubj,застонал,[]
371209,Сэм,nsubj,отставал,[]
371373,Сэм,nsubj,поняли,[Фродо]
371926,Сэм,nsubj,присвистнул,[]
372026,Сэм,nsubj,передразнил,[]
372292,Сэм,nsubj,беспокоился,[]
372339,Сэм,nsubj,сделал,[]
372425,Сэм,nsubj,поежился,[]
372510,Сэм,nsubj,кивнул,[]
373098,Сэм,nsubj,сказал,[]
373426,Сэм,nsubj,обиделся,[]
373483,Сэм,nsubj,сказал,[]
373690,Сэм,nsubj,помрачнел,[]
373787,Сэм,nsubj,успокаивался,[]
373871,Сэм,nsubj,успокаивался,[]
374067,Сэм,nsubj,сказал,[]
374246,Сэм,nsubj,кивнул,[]
374451,Сэм,nsubj,сидел,[]
374485,Сэм,nsubj,положил,[]
374655,Сэм,nsubj,открыл,[]
374956,Сэм,nsubj,пожал,[]
375052,Сэм,nsubj,пригрозил,[]
375117,Сэм,nsubj,развел,[]
375283,Сэм,nsubj,сознался,[]
375676,Сэм,nsubj,понюхал,[]
375817,Сэм,nsubj,спросил,[]
375890,Сэм,nsubj,вскричал,[]
376127,Сэм,nsubj,шли,[Фродо]
376295,Сэм,nsubj,шепнул,[]
376488,Сэм,nsubj,оторвал,[]
376565,Сэм,nsubj,выдержал,[]
376632,Сэм,nsubj,брел,[]
376744,Сэм,nsubj,шепнул,[]
376798,Сэм,nsubj,догадался,[]
376865,Сэм,nsubj,взмолился,[]
376945,Сэм,nsubj,шепнул,[]
377064,Сэм,nsubj,увидел,[]
377142,Сэм,nsubj,закричал,[]
377931,Сэм,nsubj,вопил,[]
378238,Сэм,nsubj,мрачно,[]
378315,Сэм,nsubj,обрушивал,[]
378350,Сэм,nsubj,вскрикнул,[]
378439,Сэм,nsubj,воскликнул,[]
379774,Сэм,nsubj,имел,[Бедный]
379827,Сэм,nsubj,перешел,[]
379894,Сэм,nsubj,посмотрел,[]
379945,Сэм,nsubj,пробормотал,[]
380006,Сэм,nsubj,запахнул,[]
380289,Сэм,nsubj,оказался,[]
380411,Сэм,nsubj,потерял,[]
380531,Сэм,nsubj,набрал,[]
380572,Сэм,nsubj,потерял,[]
380700,Сэм,nsubj,способен,[какие]
380818,Сэм,nsubj,предпринял,[]
380889,Сэм,nsubj,пустил,[]
380972,Сэм,nsubj,дернулся,[]
381202,Сэм,nsubj,бросился,[мечом]
381238,Сэм,nsubj,успел,[]
381348,Сэм,nsubj,увидел,[]
381410,Сэм,nsubj,пошел,[]
381553,Сэм,nsubj,ринулся,[]
381678,Сэм,nsubj,резанул,[]
381792,Сэм,nsubj,стоял,[]
381973,Сэм,nsubj,упал,[]
382101,Сэм,nsubj,читал,[съежившийся]
382182,Сэм,nsubj,слышал,[]
382398,Сэм,nsubj,шел,[]
382448,Сэм,nsubj,успел,[]
382527,Сэм,nsubj,остался,[]
382609,Сэм,nsubj,повторил,[]
382696,Сэм,nsubj,взмолился,[]
382843,Сэм,nsubj,сказал,[]
382915,Сэм,nsubj,поднял,[]
382993,Сэм,nsubj,воскликнул,[]
383125,Сэм,nsubj,заплакал,[]
383177,Сэм,nsubj,воскликнул,[]
383309,Сэм,nsubj,заплакал,[]
383634,Сэм,nsubj,посмотрел,[]
383700,Сэм,nsubj,ушел,[]
383844,Сэм,nsubj,простонал,[]
384095,Сэм,nsubj,вздохнул:–Значит,[]
384175,Сэм,nsubj,пробормотал,[]
384252,Сэм,nsubj,надел,[]
384281,Сэм,nsubj,выпрямился,[]
384393,Сэм,nsubj,отвернулся,[]
384431,Сэм,nsubj,видел,[]
384463,Сэм,nsubj,оказался,[]
384773,Сэм,nsubj,застыл,[]
384819,Сэм,nsubj,обернулся,[]
384847,Сэм,nsubj,оказался,[]
384921,Сэм,nsubj,вытащил,[]
384947,Сэм,nsubj,надел,[]
385003,Сэм,nsubj,стоял,[]
385026,Сэм,nsubj,чувствовал,[]
385118,Сэм,nsubj,вжался,[]
385144,Сэм,nsubj,искал,[]
385180,Сэм,nsubj,слышал,[]
385225,Сэм,nsubj,обнаружил,[]
385268,Сэм,nsubj,думал,[]
385446,Сэм,nsubj,позабыл,[]
385495,Сэм,nsubj,вскочил,[]
385824,Сэм,nsubj,постарался,[]
385949,Сэм,nsubj,бежал,[все]
385986,Сэм,nsubj,мчался,[]
386022,Сэм,nsubj,оказался,[]
386036,Сэм,nsubj,остановился,[]
386121,Сэм,nsubj,мог,[]
386265,Сэм,nsubj,слышал,[]
386511,Сэм,nsubj,смог,[]
386667,Сэм,nsubj,бросился,[]
386676,Сэм,nsubj,догадался,[]
386826,Сэм,nsubj,замер,[]
387861,Сэм,nsubj,стал,[]
388075,Сэм,nsubj,усмехнулся,[]
388933,Сэм,nsubj,пришел,[]
389051,Сэм,nsubj,начал,[]
389139,Сэм,nsubj,подпрыгнул,[]
389341,Сэм,nsubj,усомнился,[]
389404,Сэм,nsubj,видел,[]
389475,Сэм,nsubj,слышал,[]
389503,Сэм,nsubj,орал,[]
389551,Сэм,nsubj,ударился,[]
390891,Сэм,nsubj,обращает,[]
390911,Сэм,nsubj,оказывается,[]
390950,Сэм,nsubj,решается,[]
391036,Сэм,nsubj,бросается,[]
391063,Сэм,nsubj,падает,[]
394305,Сэм,nsubj,брели,[Фродо]
468128,Сэм,nsubj,носил,[]
470375,Сэм,nsubj,поднялся,[]
470513,Сэм,nsubj,взял,[]
470553,Сэм,nsubj,подумал,[]
470577,Сэм,nsubj,знал,[]
470716,Сэм,nsubj,вздохнул,[]
470876,Сэм,nsubj,оказался,[]
471020,Сэм,nsubj,взглянул,[]
471050,Сэм,nsubj,запамятовал,[]
471110,Сэм,nsubj,принудил,[]
471181,Сэм,nsubj,остановился,[]
471224,Сэм,nsubj,вытащил,[]
471376,Сэм,nsubj,осознал,[]
471452,Сэм,nsubj,прислушался,[]
471702,Сэм,nsubj,смотрел,[]
471834,Сэм,nsubj,стоял,[]
471929,Сэм,nsubj,различил,[]
472011,Сэм,nsubj,стоял,[]
472037,Сэм,nsubj,осознал,[]
472255,Сэм,nsubj,видел,[]
472392,Сэм,nsubj,заметил,[]
472464,Сэм,nsubj,чувствовал,[]
472495,Сэм,nsubj,понимал,[]
472685,Сэм,nsubj,знал,[]
473022,Сэм,nsubj,видел,[]
473052,Сэм,nsubj,двинулся,[]
473093,Сэм,nsubj,прикидывал,[]
473167,Сэм,nsubj,приостановился,[]
473267,Сэм,nsubj,обругал,[]
473481,Сэм,nsubj,волю,[напряг]
473516,Сэм,nsubj,пошел,[]
473564,Сэм,nsubj,заметил,[]
473608,Сэм,nsubj,бросился,[]
473684,Сэм,nsubj,подумал,[]
473732,Сэм,nsubj,зашагал,[]
473750,Сэм,nsubj,разглядел,[]
473849,Сэм,nsubj,разглядел,[]
473874,Сэм,nsubj,остановился,[]
473913,Сэм,nsubj,перепрыгнул,[]
473976,Сэм,nsubj,знал,[]
474024,Сэм,nsubj,пробормотал,[]
474164,Сэм,nsubj,заставил,[]
474200,Сэм,nsubj,миновал,[]
474234,Сэм,nsubj,замер,[]
474320,Сэм,nsubj,слышал,[]
474348,Сэм,nsubj,думал,[]
474510,Сэм,nsubj,оказался,[]
474531,Сэм,nsubj,стал,[]
474559,Сэм,nsubj,продолжал,[]
474700,Сэм,nsubj,воскликнул,[]
474794,Сэм,nsubj,задохнулся,[]
474978,Сэм,nsubj,прислушался,[]
475822,Сэм,nsubj,наблюдал,[]
476107,Сэм,nsubj,сделал,[]
476273,Сэм,nsubj,потерял,[]
476298,Сэм,nsubj,бросился,[]
476447,Сэм,nsubj,видел,[]
476568,Сэм,nsubj,начал,[]
476609,Сэм,nsubj,поспешил,[]
476688,Сэм,nsubj,обнаружил,[]
476722,Сэм,nsubj,пробормотал,[]
476761,Сэм,nsubj,кинулся,[]
476906,Сэм,nsubj,запел,[запертый]
476946,Сэм,nsubj,начал,[]
477055,Сэм,nsubj,припал,[]
477126,Сэм,nsubj,заглянул,[]
477197,Сэм,nsubj,услышал,[]
477379,Сэм,nsubj,выпрыгнул,[]
477399,Сэм,nsubj,рубанул,[]
477504,Сэм,nsubj,собирался,[]
477557,Сэм,nsubj,закричал,[]
477621,Сэм,nsubj,уверил,[]
477725,Сэм,nsubj,проговорил,"[Дорогой, мой]"
477751,Сэм,nsubj,чувствовал,[]
477787,Сэм,nsubj,поцеловал,[]
477857,Сэм,nsubj,торопил,[]
478085,Сэм,nsubj,заметил,[]
478302,Сэм,nsubj,кивнул,[]
478431,Сэм,nsubj,заметил,[]
478648,Сэм,nsubj,кивнул,[]
478889,Сэм,nsubj,подергал,[]
478984,Сэм,nsubj,согласился,[удивленный]
479142,Сэм,nsubj,превратился,[]
479178,Сэм,nsubj,здесь,[]
479304,Сэм,nsubj,пробормотал,[]
479558,Сэм,nsubj,махнул,[]
479709,Сэм,nsubj,обернулся,[]
479732,Сэм,nsubj,позвал,[]
479753,Сэм,nsubj,влез,[]
479779,Сэм,nsubj,выдохнул,[]
479977,Сэм,nsubj,добыл,[]
480019,Сэм,nsubj,объяснял,[]
480109,Сэм,nsubj,накинул,[]
480155,Сэм,nsubj,почесал,[]
480213,Сэм,nsubj,запихал,[]
480305,Сэм,nsubj,присвистнул,[]
480556,Сэм,nsubj,больше,"[,]"
480725,Сэм,nsubj,одобрил,[]
480808,Сэм,nsubj,убрал,[]
481120,Сэм,nsubj,достал,[]
481167,Сэм,nsubj,крикнул,[]
481218,Сэм,nsubj,крикнул,[]
481485,Сэм,nsubj,удержались,"[,, Фродо]"
481600,Сэм,nsubj,пожал,[]
481828,Сэм,nsubj,решился,[]
481863,Сэм,nsubj,удержался,[]
481906,Сэм,nsubj,замер,[]
482267,Сэм,nsubj,спит,[]
482457,Сэм,nsubj,возразил,[]
482517,Сэм,nsubj,возразил,[]
482733,Сэм,nsubj,предложил,[]
482879,Сэм,nsubj,засмеялся,[]
482943,Сэм,nsubj,вздохнул,[]
483125,Сэм,nsubj,вымолвил,[ошеломленный]
483205,Сэм,nsubj,стояли,[Фродо]
483300,Сэм,nsubj,воскликнул,[]
483412,Сэм,nsubj,поник,[воспрявший]
483979,Сэм,nsubj,бросился,[]
484067,Сэм,nsubj,отмахнулся,[]
484203,Сэм,nsubj,наполнил,[]
484505,Сэм,nsubj,повторял,[]
484591,Сэм,nsubj,пристроились,[Фродо]
484742,Сэм,nsubj,предложил,[]
484764,Сэм,nsubj,успел,[]
484772,Сэм,nsubj,одолев,[]
484809,Сэм,nsubj,выбрался,[]
484941,Сэм,nsubj,пел,[]
485010,Сэм,nsubj,выспался,[]
485181,Сэм,nsubj,оказались,[Фродо]
485577,Сэм,nsubj,подытожил,[]
485621,Сэм,nsubj,слыхивали,[Фродо]
485793,Сэм,nsubj,продолжал,[]
485917,Сэм,nsubj,пожал,[]
486106,Сэм,nsubj,упали,[Фродо]
487165,Сэм,nsubj,прав,"[,]"
487255,Сэм,nsubj,заговорил,[]
487334,Сэм,nsubj,согласился,[]
487388,Сэм,nsubj,поведал,[]
487431,Сэм,nsubj,закончил,[]
487638,Сэм,nsubj,спрятались,"[,, Фродо]"
487653,Сэм,nsubj,предался,[]
487678,Сэм,nsubj,задал,[]
487856,Сэм,nsubj,почесал,[]
487973,Сэм,nsubj,устало,[Фродо]
488434,Сэм,nsubj,постановил,[]
488570,Сэм,nsubj,стал,[]
488598,Сэм,nsubj,наклонился,[]
488641,Сэм,nsubj,пробормотал,[]
488732,Сэм,nsubj,желал,[]
488779,Сэм,nsubj,попробовал,[]
488832,Сэм,nsubj,кинулся,[]
488855,Сэм,nsubj,успел,[]
488916,Сэм,nsubj,подумал,[]
489114,Сэм,nsubj,согласился,[]
489273,Сэм,nsubj,согласился,[]
489302,Сэм,nsubj,провалился,[]
489648,Сэм,nsubj,почесал,[]
489699,Сэм,nsubj,опустил,[]
489751,Сэм,nsubj,подумал,[]
489847,Сэм,nsubj,затаил,[]
489953,Сэм,nsubj,заковыляли,[Фродо]
490019,Сэм,nsubj,поспевал,"[Несчастный, накопивший]"
490236,Сэм,nsubj,поддерживал,[близкий]
490304,Сэм,nsubj,подумал,[]
490463,Сэм,nsubj,шли,[Фродо]
490476,Сэм,nsubj,смекнул,[выбился]
490584,Сэм,nsubj,чувствовал,[]
490753,Сэм,nsubj,пригубил,[]
490885,Сэм,nsubj,выглянул,[]
490915,Сэм,nsubj,опасался,[]
490997,Сэм,nsubj,попытался,[]
491041,Сэм,nsubj,покачал,[]
491155,Сэм,nsubj,подумал,[]
491293,Сэм,nsubj,обнаружил,[]
491381,Сэм,nsubj,заметил,[]
491516,Сэм,nsubj,повернулся,[]
491546,Сэм,nsubj,сказал,[]
491842,Сэм,nsubj,предложил,[]
492041,Сэм,nsubj,встречали,[Фродо]
492250,Сэм,nsubj,догадывался,[]
492277,Сэм,nsubj,заметил,[]
492359,Сэм,nsubj,смотрел,[]
492376,Сэм,nsubj,смог,[]
492440,Сэм,nsubj,предавался,[]
492575,Сэм,nsubj,пробормотал,[]
492705,Сэм,nsubj,задремал,[]
492768,Сэм,nsubj,видел,[]
492795,Сэм,nsubj,приметил,[]
492908,Сэм,nsubj,погладил,[]
493185,Сэм,nsubj,кивнул.–Понимаю,[]
493551,Сэм,nsubj,взял,[]
493699,Сэм,nsubj,отрезал,[]
493737,Сэм,nsubj,закрепил,[]
493766,Сэм,nsubj,повернулись,[Фродо]
493903,Сэм,nsubj,заметил,[]
493949,Сэм,nsubj,предполагал,[]
494040,Сэм,nsubj,поднес,[]
494463,Сэм,nsubj,увидел,[]
494495,Сэм,nsubj,знал,[]
494676,Сэм,nsubj,перебил,[]
494784,Сэм,nsubj,поверил,[]
494966,Сэм,nsubj,опустился,[]
495002,Сэм,nsubj,знал,[]
495113,Сэм,nsubj,забеспокоился,[]
495170,Сэм,nsubj,пробормотал,[]
495241,Сэм,nsubj,провозгласил,[]
495305,Сэм,nsubj,готов,[]
495379,Сэм,nsubj,покатает,[]
495406,Сэм,nsubj,подхватил,[]
495531,Сэм,nsubj,подошли,[Фродо]
495566,Сэм,nsubj,решил,[]
495627,Сэм,nsubj,остановился,[]
495686,Сэм,nsubj,отозвался,[]
495730,Сэм,nsubj,видел,[]
495791,Сэм,nsubj,полпути,[Фродо]
495818,Сэм,nsubj,посмотрел,[]
495883,Сэм,nsubj,мог,[]
495974,Сэм,nsubj,смотрел,[]
496120,Сэм,nsubj,вздохнул,[]
496210,Сэм,nsubj,приподнялся,[]
496493,Сэм,nsubj,склонился,[]
496565,Сэм,nsubj,взвалил,[Гэмги?»Он]
496613,Сэм,nsubj,видел,[]
496679,Сэм,nsubj,завернул,[]
496883,Сэм,nsubj,пришел,"[не, Голлум]"
497063,Сэм,nsubj,увидел,[]
497188,Сэм,nsubj,увидел,[]
497219,Сэм,nsubj,закричал,[]
497295,Сэм,nsubj,рявкнул,[]
497501,Сэм,nsubj,Хранителем,[]
497650,Сэм,nsubj,поднял,[]
497666,Сэм,nsubj,беспокоился,[]
497693,Сэм,nsubj,Обернись,[]
497799,Сэм,nsubj,приблизился,[]
497825,Сэм,nsubj,позвал,[]
497831,Сэм,nsubj,помедлил,[]
497859,Сэм,nsubj,смог,[]
497892,Сэм,nsubj,находился,[]
497940,Сэм,nsubj,сделал,[]
497962,Сэм,nsubj,разглядел,[]
498040,Сэм,nsubj,различил,[]
498062,Сэм,nsubj,крикнул,[]
498079,Сэм,nsubj,слышал,[какого]
498147,Сэм,nsubj,раскрыл,[]
498178,Сэм,nsubj,упал,[]
498204,Сэм,nsubj,ослеп,[]
498667,Сэм,nsubj,встал,[]
498947,Сэм,nsubj,кинулся,[]
499024,Сэм,nsubj,увидел,[]
499269,Сэм,nsubj,воскликнул,[]
500560,Сэм,nsubj,отозвался,[прижимая]
500676,Сэм,nsubj,настаивал,[]
500890,Сэм,nsubj,прижимал,[]
501208,Сэм,nsubj,обнаружил,[]
501303,Сэм,nsubj,протирал,[]
501451,Сэм,nsubj,разинул,[]
501549,Сэм,nsubj,понял,[]
501631,Сэм,nsubj,вскочил,[]
501801,Сэм,nsubj,спросил,[]
501910,Сэм,nsubj,удивился,[]
501971,Сэм,nsubj,огляделся,[]
502760,Сэм,nsubj,смутился,[]
502957,Сэм,nsubj,услышал,[]
503397,Сэм,nsubj,заметил,[]
503431,Сэм,nsubj,удивился,[]
503757,Сэм,nsubj,запутался,[]
503937,Сэм,nsubj,повторил,[]
504588,Сэм,nsubj,переставал,[]
519156,Сэм,nsubj,бросил,[]
519779,Сэм,nsubj,отвернулся,[]
520308,Сэм,nsubj,разделял,[]
520627,Сэм,nsubj,покраснел,[]
521156,Сэм,nsubj,оглянулся,[]
522176,Сэм,nsubj,вздохнул,[]
523631,Сэм,nsubj,привыкли,"[Фродо, Мерри, Пиппином]"
524901,Сэм,nsubj,закричал,[]
525482,Сэм,nsubj,отозвался,[]
525527,Сэм,nsubj,отозвался,[]
526321,Сэм,nsubj,отозвался,[]
526925,Сэм,nsubj,воскликнул,[]
527569,Сэм,nsubj,поднял,[]
527993,Сэм,nsubj,вмешался,[]
528315,Сэм,nsubj,заметил,[]
528379,Сэм,nsubj,начал,[]
528494,Сэм,nsubj,укорил,[]
528768,Сэм,nsubj,спросил,[]
528978,Сэм,nsubj,сказал,[]
529433,Сэм,nsubj,крикнул,[]
529490,Сэм,nsubj,крикнул,[]
529707,Сэм,nsubj,пошел,[]
531454,Сэм,nsubj,покинул,[]
531504,Сэм,nsubj,повернул,[]
531521,Сэм,nsubj,закричал,[]
531589,Сэм,nsubj,повстречал,[]
531743,Сэм,nsubj,рассмеялся,[]
531855,Сэм,nsubj,забеспокоился,[]
531888,Сэм,nsubj,поспешил,[]
531932,Сэм,nsubj,закричал,[]
532030,Сэм,nsubj,смешался,[]
532196,Сэм,nsubj,примчался,[]
532328,Сэм,nsubj,нашел,[]
533805,Сэм,nsubj,удивился,[]
533950,Сэм,nsubj,просиял,[]
534024,Сэм,nsubj,исчез,[]
535195,Сэм,nsubj,ввалился,[Стариканом]
535290,Сэм,nsubj,врет,[мой]
535383,Сэм,nsubj,осрамился,"[мой, –]"
535406,Сэм,nsubj,стал,[ваш]
537046,Сэм,nsubj,ожидал,"[Даже, забывал, ,]"
537147,Сэм,nsubj,закричал,[]
537177,Сэм,nsubj,мог,[]
537287,Сэм,nsubj,процедил,[]
537739,Сэм,nsubj,пробормотал,[]
538625,Сэм,nsubj,выхватил,[]
539563,Сэм,nsubj,сказал,[]
539658,Сэм,nsubj,заметил,[]
539713,Сэм,nsubj,думал,[]
540183,Сэм,nsubj,окунулся,[]
540532,Сэм,nsubj,понимал,[]
540702,Сэм,nsubj,рассудил,[]
540771,Сэм,nsubj,поступил,[]
540840,Сэм,nsubj,отправился,[]
540902,Сэм,nsubj,воспитывал,[]
541310,Сэм,nsubj,поселился,[]
541336,Сэм,nsubj,руководил,[]
541602,Сэм,nsubj,замялся,[краснея.–Почему]
541617,Сэм,nsubj,признался,[]
541788,Сэм,nsubj,женился,[Гэмги]
541815,Сэм,nsubj,считал,[]
542118,Сэм,nsubj,погрузился,[головой]
542220,Сэм,nsubj,заметил,[]
542247,Сэм,nsubj,увидел,[]
542330,Сэм,nsubj,сообразил,[]
542401,Сэм,nsubj,радовался,[]
542425,Сэм,nsubj,пожаловался,[]
542527,Сэм,nsubj,согласился,[]
542656,Сэм,nsubj,вскричал,[]
542723,Сэм,nsubj,воскликнул,[]
542861,Сэм,nsubj,вздохнул,[]
543164,Сэм,nsubj,воскликнул,[]
543191,Сэм,nsubj,отправились,[Фродо]
543239,Сэм,nsubj,спрашивал,[]
543332,Сэм,nsubj,спросил,[]
543380,Сэм,nsubj,ехал,[]
543735,Сэм,nsubj,поклонился,[]
543812,Сэм,nsubj,закричал,[]
543932,Сэм,nsubj,пробормотал,[]
544004,Сэм,nsubj,всегда,[]
544259,Сэм,nsubj,ехали,"[Фродо, Бильбо]"
544622,Сэм,nsubj,выдал,"[не, Гэндальф!–Все]"
545012,Сэм,nsubj,повернул,[]
545068,Сэм,nsubj,вернулся,[]
